filename,store_name,store_address,store_code,taxpayer_name,voen,receipt_number,cashier_name,date,time,item_name,quantity,unit_price,line_total,subtotal,vat_18_percent,total_tax,nagdsiz,nagd,bonus,avans,nisye,queue_number,nka_model,nka_serial,fiscal_id,nmq_registration,refund_amount,refund_date,refund_time
9FjTM9ngrpCu.jpeg,PROMART Məhdud,,,PROMART Məhdud,1702278621,16538,Hasanova Gulnar,15.01.2024,08:30:11,,,,,,,0.99,0.00,0.00,0.00,0.00,0.00,319,NCR RealPOS XR7 (7703) KLR M-POS 1.05.90,0000035727,9FİTMƏngrpCu,0000163236,0.17,15.02.2024,06:01
zbRTryY1MVkR.jpeg,PROMART Məhdud,,,PROMART Məhdud,1702278621,,Quliyeva Gulnar,09.06.2023,08:20:47,,,,,,,0.51,0.00,0.00,0.00,0.00,0.00,90,İBM POS 700,41ARR40,zbRTiyYIMVKR.,0000021835,,09.07.2023,12:03
UQqWum1T5UPB.jpeg,PROMART Məhdud,,1702278621-14001,PROMART Məhdud,1702278621,,Farzaliyev Elmin,02.06.2023,08:40:30,,,,,,,,0.00,0.00,0.00,0.00,0.00,206,İBM POS 700,41AVVK12,UQqVVum1T5UPB,0000030116,0.23,02.07.2023,11:40
8kPuYq4mgxHq.jpeg,SSİ RETAİL,AZ1142 BAKI ŞƏHƏRİ,1000143741-20001,SSİ RETAİL,1000143741,16661,Api,18.03.2023,10:45:19,BlkActiveBackpack,1.0,69.99,69.99,69.99,,10.68,69.99,0.00,0.00,0.00,0.00,7,TPS575 Smart POS,2001G57500301817,8kPuYq4mgxHq,0000013978,1.87,17.04.2023,11:51
563vPHE3rPgh.jpeg,ARAZ,,1001994141-20022,ARAZ,1001994141,,Konul Bayramova,28.03.2023,19:06:48,"Paket Araz 31""60 5 K",1000.0,0.05,0.05,10.17,,,10.17,0.00,0.00,0.00,0.00,398,NBA FiscalBox,900119100844,563vPHE3rPgh,0000007877,0.25,27.04.2023,07:33
563vPHE3rPgh.jpeg,ARAZ,,1001994141-20022,ARAZ,1001994141,,Konul Bayramova,28.03.2023,19:06:48,SIRAB QAZSIZ SU PET,2.0,0.89,1.18,10.17,,,10.17,0.00,0.00,0.00,0.00,398,NBA FiscalBox,900119100844,563vPHE3rPgh,0000007877,0.25,27.04.2023,07:33
563vPHE3rPgh.jpeg,ARAZ,,1001994141-20022,ARAZ,1001994141,,Konul Bayramova,28.03.2023,19:06:48,İVANOVKA DOVGA 4506R,2.0,1.55,3.1,10.17,,,10.17,0.00,0.00,0.00,0.00,398,NBA FiscalBox,900119100844,563vPHE3rPgh,0000007877,0.25,27.04.2023,07:33
563vPHE3rPgh.jpeg,ARAZ,,1001994141-20022,ARAZ,1001994141,,Konul Bayramova,28.03.2023,19:06:48,BIQ BON QOVYAD QRİL,1000.0,210.0,2.1,10.17,,,10.17,0.00,0.00,0.00,0.00,398,NBA FiscalBox,900119100844,563vPHE3rPgh,0000007877,0.25,27.04.2023,07:33
563vPHE3rPgh.jpeg,ARAZ,,1001994141-20022,ARAZ,1001994141,,Konul Bayramova,28.03.2023,19:06:48,LEZZET DUNYASI PAYTA,13000.0,2.95,2.95,10.17,,,10.17,0.00,0.00,0.00,0.00,398,NBA FiscalBox,900119100844,563vPHE3rPgh,0000007877,0.25,27.04.2023,07:33
563vPHE3rPgh.jpeg,ARAZ,,1001994141-20022,ARAZ,1001994141,,Konul Bayramova,28.03.2023,19:06:48,TENDİR COREYI EDED,1000.0,0.79,0.79,10.17,,,10.17,0.00,0.00,0.00,0.00,398,NBA FiscalBox,900119100844,563vPHE3rPgh,0000007877,0.25,27.04.2023,07:33
FtpVam2hjMpY.jpeg,ARAZ,А21129 BAKI ŞƏHƏRİ,1001994141-20022,ARAZ,1001994141,,Eliyar Memmedov,10.04.2023,00:38:05,,,,,,,,32.01,0.00,0.00,0.00,0.00,36,,900119100843,FtpVam2hiMpY,0000007875,0.83,10.05.2023,15:51
2yzYgpvEYyDM.jpeg,GRAND-MART,AZ1149 BAKI ŞƏHƏRİ,1401395111-20002,GRAND-MART,1401395111,,Muradova Goycak,14.01.2024,15:24:25,,,,,6.20,,,0.00,0.00,0.00,0.00,0.00,341,,0000039327,2yzYgpvEYyDM,0000096602,0.15,14.02.2024,04:09
5gqhbyNXxtwC.jpeg,SAHİL TRADİNG,,,SAHİL TRADİNG,0800005671,,,,,,,,,,,0.88,0.00,0.00,0.00,0.00,0.00,79,NBA FiscalBox,900119070047,5gqhbyNXxturC,0000120346,0.15,24.06.2023,12:59
AnTanThEYv5k.jpeg,ARAZ,А21129 BAKI ŞƏHƏRİ,1001994141-20022,ARAZ,1001994141,,,,,SIRAB QAZSIZ SU PET,2000.0,0.45,0.9,36.28,,5.53,36.28,0.00,0.00,0.00,0.00,617,NBA FiscalBox,900119100843,AnTanThEYV5k,0000007875,0.97,05.05.2023,07:02
AnTanThEYv5k.jpeg,ARAZ,А21129 BAKI ŞƏHƏRİ,1001994141-20022,ARAZ,1001994141,,,,,COOLPLAY Х11 1600 EL,1.0,14.0,14.0,36.28,,5.53,36.28,0.00,0.00,0.00,0.00,617,NBA FiscalBox,900119100843,AnTanThEYV5k,0000007875,0.97,05.05.2023,07:02
AnTanThEYv5k.jpeg,ARAZ,А21129 BAKI ŞƏHƏRİ,1001994141-20022,ARAZ,1001994141,,,,,İVANOVKA DOVGA 4506R,2000.0,1.55,3.1,36.28,,5.53,36.28,0.00,0.00,0.00,0.00,617,NBA FiscalBox,900119100843,AnTanThEYV5k,0000007875,0.97,05.05.2023,07:02
AnTanThEYv5k.jpeg,ARAZ,А21129 BAKI ŞƏHƏRİ,1001994141-20022,ARAZ,1001994141,,,,,DVOR.RAZDOLYE GÖBELE,1000.0,3.09,3.09,36.28,,5.53,36.28,0.00,0.00,0.00,0.00,617,NBA FiscalBox,900119100843,AnTanThEYV5k,0000007875,0.97,05.05.2023,07:02
AnTanThEYv5k.jpeg,ARAZ,А21129 BAKI ŞƏHƏRİ,1001994141-20022,ARAZ,1001994141,,,,,AKTİVİA YOGURT 130 G,1000.0,1.09,1.09,36.28,,5.53,36.28,0.00,0.00,0.00,0.00,617,NBA FiscalBox,900119100843,AnTanThEYV5k,0000007875,0.97,05.05.2023,07:02
AnTanThEYv5k.jpeg,ARAZ,А21129 BAKI ŞƏHƏRİ,1001994141-20022,ARAZ,1001994141,,,,,DARDANEL FASULYELI T,1000.0,5.55,5.55,36.28,,5.53,36.28,0.00,0.00,0.00,0.00,617,NBA FiscalBox,900119100843,AnTanThEYV5k,0000007875,0.97,05.05.2023,07:02
AnTanThEYv5k.jpeg,ARAZ,А21129 BAKI ŞƏHƏRİ,1001994141-20022,ARAZ,1001994141,,,,,DARDANEL MİSİRLİ TON,1000.0,5.55,5.55,36.28,,5.53,36.28,0.00,0.00,0.00,0.00,617,NBA FiscalBox,900119100843,AnTanThEYV5k,0000007875,0.97,05.05.2023,07:02
AnTanThEYv5k.jpeg,ARAZ,А21129 BAKI ŞƏHƏRİ,1001994141-20022,ARAZ,1001994141,,,,,GREEN RAY YASHIL NOX,1000.0,2.25,2.25,36.28,,5.53,36.28,0.00,0.00,0.00,0.00,617,NBA FiscalBox,900119100843,AnTanThEYV5k,0000007875,0.97,05.05.2023,07:02
AnTanThEYv5k.jpeg,ARAZ,А21129 BAKI ŞƏHƏRİ,1001994141-20022,ARAZ,1001994141,,,,,ORBİT SAQQIZ VVİNTERF,1000.0,0.7,0.7,36.28,,5.53,36.28,0.00,0.00,0.00,0.00,617,NBA FiscalBox,900119100843,AnTanThEYV5k,0000007875,0.97,05.05.2023,07:02
AnTanThEYv5k.jpeg,ARAZ,А21129 BAKI ŞƏHƏRİ,1001994141-20022,ARAZ,1001994141,,,,,Paket Araz 31*60 5KG,1000.0,0.05,0.05,36.28,,5.53,36.28,0.00,0.00,0.00,0.00,617,NBA FiscalBox,900119100843,AnTanThEYV5k,0000007875,0.97,05.05.2023,07:02
2Lg8g12Erwk5.jpeg,GRAND-MART,,1401395111-20002,GRAND-MART,1401395111,2206,Shabizade Elmin,15.01.2024,18:50:38,,,,,7.05,,0.92,7.05,0.00,0.00,0.00,0.00,16,NCR RealPOS XR7 (7703) KLR M-POS 1.05.90,0000023239,2Lg8g12Eruik5,0000162588,0.16,15.02.2024,00:46
7HhCKAhswVgT.jpeg,ARAZ,,1001994141-20019,ARAZ,1001994141,,Agos Bagirov,26.03.2023,00:38:28,ВГАМ TARLA NAR SİRE,1000.0,279.0,279.0,4.34,,,0.00,0.00,0.00,0.00,0.00,23,NBA FiscalBox,900120010612,7HhCKAhsu/VgT,0000022720,0.12,25.04.2023,09:32
7HhCKAhswVgT.jpeg,ARAZ,,1001994141-20019,ARAZ,1001994141,,Agos Bagirov,26.03.2023,00:38:28,İVANOVKA DOVGA 4506,1000.0,155.0,155.0,4.34,,,0.00,0.00,0.00,0.00,0.00,23,NBA FiscalBox,900120010612,7HhCKAhsu/VgT,0000022720,0.12,25.04.2023,09:32
ziH2EQKd9MN9.jpeg,ANC GROUP,,1701102351-14010,ANC GROUP,1701102351,,,,,FR.SAD MANDARIN MiX İİT,1.0,2.35,2.35,2.35,,0.36,2.35,0.00,0.00,0.00,0.00,216,IPOS AZ1001,ESOF000212,zi42EQKd9MN9,0000071136,0.06,20.06.2023,10:30
8xxqCCnAATyo.jpeg,SAHİL TRADİNG,,,SAHİL TRADİNG,0800005671,,,,,,,,,4.38,,0.66,4.38,0.00,0.00,0.00,0.00,516,NBA FiscalBox,9001909006,8xxqCCnAAlyo,0000000606,0.12,07.07.2023,10:17
EEtAKEvE53u7.jpeg,ARAZ,,1001994141-20022,ARAZ,1001994141,,,,,DARDANEL FASULYELI T,1000.0,5.69,5.69,7.87,,,7.87,0.00,0.00,0.00,0.00,732,NBA FiscalBox,900119100843,EEtAKEVE53u7,0000007875,0.19,16.06.2023,08:13
EEtAKEvE53u7.jpeg,ARAZ,,1001994141-20022,ARAZ,1001994141,,,,,QLOBUS PLOMBİR KOFE,1.0,0.65,165.0,7.87,,,7.87,0.00,0.00,0.00,0.00,732,NBA FiscalBox,900119100843,EEtAKEVE53u7,0000007875,0.19,16.06.2023,08:13
EEtAKEvE53u7.jpeg,ARAZ,,1001994141-20022,ARAZ,1001994141,,,,,BAKILI QIZ DON.QEHVE,1.0,0.69,0.69,7.87,,,7.87,0.00,0.00,0.00,0.00,732,NBA FiscalBox,900119100843,EEtAKEVE53u7,0000007875,0.19,16.06.2023,08:13
EEtAKEvE53u7.jpeg,ARAZ,,1001994141-20022,ARAZ,1001994141,,,,,TENDİR COREYİ EDED,1000.0,0.79,0.79,7.87,,,7.87,0.00,0.00,0.00,0.00,732,NBA FiscalBox,900119100843,EEtAKEVE53u7,0000007875,0.19,16.06.2023,08:13
EEtAKEvE53u7.jpeg,ARAZ,,1001994141-20022,ARAZ,1001994141,,,,,ƏDV-dən azad Paket Araz 31*60 5KG,11000.0,0.05,0.05,7.87,,,7.87,0.00,0.00,0.00,0.00,732,NBA FiscalBox,900119100843,EEtAKEVE53u7,0000007875,0.19,16.06.2023,08:13
FrRqVhRvw6BC.jpeg,ARAZ,,1001994141-20022,ARAZ,1001994141,,Agos Bagirov,20.05.2023,23:28:49,,,,,,,1.09,0.00,0.00,0.00,0.00,0.00,324,NBA FiscalBox,900119100843,"F""RqVhRvu6BC",0000007875,0.19,19.06.2023,07:23
AsrYY9yk2auW.jpeg,PROMART Məhdud,,,PROMART Məhdud,1702278621,219941,Mammadov Rasad,16.05.2023,14:03:00,,,,,,,0.45,8.48,0.00,0.00,0.00,0.00,667,İBM POS 700,41AVVK12,AsrYY9yk2auVV,0000030116,0.07,15.06.2023,11:23
F6T6zN3CyJWZ.jpeg,“LEKAT MƏHDUD,,1701061241-20002,“LEKAT MƏHDUD,1701061241,18402,,,,,,,,,,,0.00,0.00,0.00,0.00,0.00,48,PAX A930 Smart Kassa V 0.0.1,P1171202085,FeTözN3CYIMVZ,0000132888,,,
ANM2jehF8mJ7.jpeg,İNCİ GROUP OF,,1700311911-14007,İNCİ GROUP OF,1700311911,,SuperApi,03.07.2023,14:38:51,Qələm Mi-UB-157-BE 0.7mm,1.0,2.9,2.9,2.90,,0.44,2.90,0.00,0.00,0.00,0.00,49,TPS575 Smart POS,В150575100300314,ANM2)ehF8m)7,0000054433,0.08,02.08.2023,10:37
Co75sE7DgJM7.jpeg,ALSHAYA,,1701513331-14002,ALSHAYA,1701513331,40821,MEHMEDZADE,23.01.2024,13:13:29,Tatfe Tall (ədədi,1.0,7.0,7.0,9.50,,1.45,9.50,0.00,0.00,0.00,0.00,32,Micros Vlork Station 6,1334ВАА13008797,Co75sE7Dg)M7,0000093453,0.25,23.02.2024,05:56
Co75sE7DgJM7.jpeg,ALSHAYA,,1701513331-14002,ALSHAYA,1701513331,40821,MEHMEDZADE,23.01.2024,13:13:29,Caramel Surup Ekle (ədəd),1.0,2.5,2.5,9.50,,1.45,9.50,0.00,0.00,0.00,0.00,32,Micros Vlork Station 6,1334ВАА13008797,Co75sE7Dg)M7,0000093453,0.25,23.02.2024,05:56
3ZExv5gwy8of.jpeg,ARAZ,,1001994141-20022,ARAZ,1001994141,,,,,VİTAMİN MÜLTİVİTAMIN,1000.0,249.0,249.0,9.24,,,0.00,0.00,0.00,0.00,0.00,738,NBA FiscalBox,900119100843,3ZExv5gvy8of,0000007875,0.23,13.04.2023,07:09
3ZExv5gwy8of.jpeg,ARAZ,,1001994141-20022,ARAZ,1001994141,,,,,İVANOVKA DOVGA 4506,2.0,1.55,3.1,9.24,,,0.00,0.00,0.00,0.00,0.00,738,NBA FiscalBox,900119100843,3ZExv5gvy8of,0000007875,0.23,13.04.2023,07:09
3ZExv5gwy8of.jpeg,ARAZ,,1001994141-20022,ARAZ,1001994141,,,,,LEZZET DUNYASI PAYTA,1.0,2.95,2.95,9.24,,,0.00,0.00,0.00,0.00,0.00,738,NBA FiscalBox,900119100843,3ZExv5gvy8of,0000007875,0.23,13.04.2023,07:09
3ZExv5gwy8of.jpeg,ARAZ,,1001994141-20022,ARAZ,1001994141,,,,,ХАО-ХАО COREK 3606,1000.0,0.65,0.65,9.24,,,0.00,0.00,0.00,0.00,0.00,738,NBA FiscalBox,900119100843,3ZExv5gvy8of,0000007875,0.23,13.04.2023,07:09
3ZExv5gwy8of.jpeg,ARAZ,,1001994141-20022,ARAZ,1001994141,,,,,ƏDV-dən azad Paket Araz 31*60 5 K,1.0,0.05,0.05,9.24,,,0.00,0.00,0.00,0.00,0.00,738,NBA FiscalBox,900119100843,3ZExv5gvy8of,0000007875,0.23,13.04.2023,07:09
61WvdwLNQkUA.jpeg,ARAZ,,1001994141-20022,ARAZ,1001994141,,Agos Bagirov,17.03.2023,23:19:47,İVANOVKA DOVGA 4506R,2000.0,155.0,3.1,8.55,,,8.55,0.00,0.00,0.00,0.00,511,NBA FiscalBox,900119100843,61V/vdurLNQKUA,0000007875,0.23,16.04.2023,06:28
61WvdwLNQkUA.jpeg,ARAZ,,1001994141-20022,ARAZ,1001994141,,Agos Bagirov,17.03.2023,23:19:47,LEZZET DUNYASI VİNEQ,1.0,2.95,2.95,8.55,,,8.55,0.00,0.00,0.00,0.00,511,NBA FiscalBox,900119100843,61V/vdurLNQKUA,0000007875,0.23,16.04.2023,06:28
61WvdwLNQkUA.jpeg,ARAZ,,1001994141-20022,ARAZ,1001994141,,Agos Bagirov,17.03.2023,23:19:47,EHRMANN SMETANOVNA X,1.0,2.5,2.5,8.55,,,8.55,0.00,0.00,0.00,0.00,511,NBA FiscalBox,900119100843,61V/vdurLNQKUA,0000007875,0.23,16.04.2023,06:28
AYLWSFfkBtwQ.jpeg,SAHİL TRADİNG,,,SAHİL TRADİNG,0800005671,,,,,,,,,12.67,,1.93,12.67,0.00,0.00,0.00,0.00,68,NCR RealPOS XR7 (7703) KLR M-POS 1.05.90,0000039752,AYLIVSFTKBDvQ,0000131911,0.34,27.05.2023,05:59
FRmu15Lkeqqz.jpeg,ARAZ,,1001994141-20022,ARAZ,1001994141,,Zohra Babayeva,25.05.2023,20:13:17,,,,,,,0.96,0.00,0.00,0.00,0.00,0.00,572,NBA FiscalBox,900119100844,FRmu15Lkeqqz,0000007877,0.17,,
393uNgMhnoxS.jpeg,ANC GROUP,,1701102351-14010,ANC GROUP,1701102351,,,,,SOK VİTAMİN 11T ERİK P,1.0,2.29,2.29,2.29,,0.35,2.29,0.00,0.00,0.00,0.00,129,IPOS AZ1001,ESOF000127,393uNgMhnoxs,0000071135,0.06,08.06.2023,05:48
BPAzUHcnAtJ5.jpeg,AZƏRBAYCAN,,1403051411-14007,AZƏRBAYCAN,1403051411,,EZİMOV.,10.01.2024,13:26:39,ET POPKEK KARM144Q.,1.0,2.0,2.0,20.36,,,20.36,0.00,0.00,0.00,0.00,176,VVincor Nixdorf BEETLE/M-III,53R0351057,BPAzUHcnAtI5,0000114730,0.35,10.02.2024,01:34
BPAzUHcnAtJ5.jpeg,AZƏRBAYCAN,,1403051411-14007,AZƏRBAYCAN,1403051411,,EZİMOV.,10.01.2024,13:26:39,TDAYS QATI SUD2000R. (ədəd),1.0,3.99,3.99,20.36,,,20.36,0.00,0.00,0.00,0.00,176,VVincor Nixdorf BEETLE/M-III,53R0351057,BPAzUHcnAtI5,0000114730,0.35,10.02.2024,01:34
BPAzUHcnAtJ5.jpeg,AZƏRBAYCAN,,1403051411-14007,AZƏRBAYCAN,1403051411,,EZİMOV.,10.01.2024,13:26:39,KESYU SADE KG 320M (kg),0.2,24.59,4.92,20.36,,,20.36,0.00,0.00,0.00,0.00,176,VVincor Nixdorf BEETLE/M-III,53R0351057,BPAzUHcnAtI5,0000114730,0.35,10.02.2024,01:34
BPAzUHcnAtJ5.jpeg,AZƏRBAYCAN,,1403051411-14007,AZƏRBAYCAN,1403051411,,EZİMOV.,10.01.2024,13:26:39,ALMA PALMET KG (kg),0.79,155.0,1.22,20.36,,,20.36,0.00,0.00,0.00,0.00,176,VVincor Nixdorf BEETLE/M-III,53R0351057,BPAzUHcnAtI5,0000114730,0.35,10.02.2024,01:34
BPAzUHcnAtJ5.jpeg,AZƏRBAYCAN,,1403051411-14007,AZƏRBAYCAN,1403051411,,EZİMOV.,10.01.2024,13:26:39,ƏDV-dən azad ЕП POPKEK LİMN144Q. (ədəd),1.0,2.0,2.0,20.36,,,20.36,0.00,0.00,0.00,0.00,176,VVincor Nixdorf BEETLE/M-III,53R0351057,BPAzUHcnAtI5,0000114730,0.35,10.02.2024,01:34
BPAzUHcnAtJ5.jpeg,AZƏRBAYCAN,,1403051411-14007,AZƏRBAYCAN,1403051411,,EZİMOV.,10.01.2024,13:26:39,MANDARIN MURKOT KG (kg),0.828,2.79,2.31,20.36,,,20.36,0.00,0.00,0.00,0.00,176,VVincor Nixdorf BEETLE/M-III,53R0351057,BPAzUHcnAtI5,0000114730,0.35,10.02.2024,01:34
BPAzUHcnAtJ5.jpeg,AZƏRBAYCAN,,1403051411-14007,AZƏRBAYCAN,1403051411,,EZİMOV.,10.01.2024,13:26:39,ƏDV-dən azad HEYVA SUPER KG (kg),0.74,1.85,1.37,20.36,,,20.36,0.00,0.00,0.00,0.00,176,VVincor Nixdorf BEETLE/M-III,53R0351057,BPAzUHcnAtI5,0000114730,0.35,10.02.2024,01:34
BPAzUHcnAtJ5.jpeg,AZƏRBAYCAN,,1403051411-14007,AZƏRBAYCAN,1403051411,,EZİMOV.,10.01.2024,13:26:39,ALMA GRANNY SMİTH KG (kg),0.332,1.45,0.48,20.36,,,20.36,0.00,0.00,0.00,0.00,176,VVincor Nixdorf BEETLE/M-III,53R0351057,BPAzUHcnAtI5,0000114730,0.35,10.02.2024,01:34
BPAzUHcnAtJ5.jpeg,AZƏRBAYCAN,,1403051411-14007,AZƏRBAYCAN,1403051411,,EZİMOV.,10.01.2024,13:26:39,ƏDV-dən azad ARMUD ALYANAQ KG (kg),0.64,3.15,2.02,20.36,,,20.36,0.00,0.00,0.00,0.00,176,VVincor Nixdorf BEETLE/M-III,53R0351057,BPAzUHcnAtI5,0000114730,0.35,10.02.2024,01:34
BPAzUHcnAtJ5.jpeg,AZƏRBAYCAN,,1403051411-14007,AZƏRBAYCAN,1403051411,,EZİMOV.,10.01.2024,13:26:39,ƏDV-dən azad MUSTERİ PAKETİ 31:55 (ədəd),1.0,0.05,105.0,20.36,,,20.36,0.00,0.00,0.00,0.00,176,VVincor Nixdorf BEETLE/M-III,53R0351057,BPAzUHcnAtI5,0000114730,0.35,10.02.2024,01:34
5zPBt65vYNdw.jpeg,ARAZ,,1001994141-20022,ARAZ,1001994141,5819,,,,,,,,,,0.69,5.33,0.00,0.00,0.00,0.00,144,NBA FiscalBox,900120010265,5zPBt65vYNdu:,0000015497,0.12,06.07.2023,08:04
Hnd2kzy86Po3.jpeg,ANC GROUP,,1701102351-14010,ANC GROUP,1701102351,,,,,БОК SANTAL 1LT P.ANANAS,1.0,5.45,5.45,5.45,,0.83,5.45,0.00,0.00,0.00,0.00,197,IPOS AZ1001,ESOF000212,Hnd2kzy86Po3,0000071136,0.15,01.02.2024,01:42
ULkmVh2CFNFp.jpeg,ANC GROUP,,1701102351-14010,ANC GROUP,1701102351,,,,,,,,,,,0.23,0.00,0.00,0.00,0.00,0.00,380,1Р05 AZ1001,ESOF000212,UlkmVh2CFNFP,0000071136,0.04,21.01.2024,03:03
2gtjLacLvDDs.jpeg,AZƏRBAYCAN,,1403051411-20006,AZƏRBAYCAN,1403051411,,RAHMANZADA C.,02.04.2023,00:47:09,MUSTERİ PAKETİ ORTA.,1.0,0.05,0.05,19.96,,,19.96,0.00,0.00,0.00,0.00,563,Мипсог Nixdorf ВЕЕТИЕ/М-И1,530523153,2gtiLacLvDDs,0000023188,0.50,02.05.2023,10:01
2gtjLacLvDDs.jpeg,AZƏRBAYCAN,,1403051411-20006,AZƏRBAYCAN,1403051411,,RAHMANZADA C.,02.04.2023,00:47:09,SIRAB QAZSIZ PL 1tT. (ədəd),2.0,0.85,1.7,19.96,,,19.96,0.00,0.00,0.00,0.00,563,Мипсог Nixdorf ВЕЕТИЕ/М-И1,530523153,2gtiLacLvDDs,0000023188,0.50,02.05.2023,10:01
2gtjLacLvDDs.jpeg,AZƏRBAYCAN,,1403051411-20006,AZƏRBAYCAN,1403051411,,RAHMANZADA C.,02.04.2023,00:47:09,PROSTOKVAS ХМ2096180. (ədəd),1.0,3.75,3.75,19.96,,,19.96,0.00,0.00,0.00,0.00,563,Мипсог Nixdorf ВЕЕТИЕ/М-И1,530523153,2gtiLacLvDDs,0000023188,0.50,02.05.2023,10:01
2gtjLacLvDDs.jpeg,AZƏRBAYCAN,,1403051411-20006,AZƏRBAYCAN,1403051411,,RAHMANZADA C.,02.04.2023,00:47:09,АСТМА YGR QRGL130. (ədəd),1.0,1.59,1.59,19.96,,,19.96,0.00,0.00,0.00,0.00,563,Мипсог Nixdorf ВЕЕТИЕ/М-И1,530523153,2gtiLacLvDDs,0000023188,0.50,02.05.2023,10:01
2gtjLacLvDDs.jpeg,AZƏRBAYCAN,,1403051411-20006,AZƏRBAYCAN,1403051411,,RAHMANZADA C.,02.04.2023,00:47:09,"HN SACUSTU SOSİS, (kg)",0.524,12.99,6.81,19.96,,,19.96,0.00,0.00,0.00,0.00,563,Мипсог Nixdorf ВЕЕТИЕ/М-И1,530523153,2gtiLacLvDDs,0000023188,0.50,02.05.2023,10:01
2gtjLacLvDDs.jpeg,AZƏRBAYCAN,,1403051411-20006,AZƏRBAYCAN,1403051411,,RAHMANZADA C.,02.04.2023,00:47:09,BIG BON ETLİ 1100R. (ədəd),1.0,3.2,3.2,19.96,,,19.96,0.00,0.00,0.00,0.00,563,Мипсог Nixdorf ВЕЕТИЕ/М-И1,530523153,2gtiLacLvDDs,0000023188,0.50,02.05.2023,10:01
2gtjLacLvDDs.jpeg,AZƏRBAYCAN,,1403051411-20006,AZƏRBAYCAN,1403051411,,RAHMANZADA C.,02.04.2023,00:47:09,BAHAR SAFTALI ТР 11. (ədəd),1.0,179.0,179.0,19.96,,,19.96,0.00,0.00,0.00,0.00,563,Мипсог Nixdorf ВЕЕТИЕ/М-И1,530523153,2gtiLacLvDDs,0000023188,0.50,02.05.2023,10:01
2gtjLacLvDDs.jpeg,AZƏRBAYCAN,,1403051411-20006,AZƏRBAYCAN,1403051411,,RAHMANZADA C.,02.04.2023,00:47:09,21ВЕ COREYİ 400 GR. (ədəd),1.0,1.07,107.0,19.96,,,19.96,0.00,0.00,0.00,0.00,563,Мипсог Nixdorf ВЕЕТИЕ/М-И1,530523153,2gtiLacLvDDs,0000023188,0.50,02.05.2023,10:01
45WEK2aXxzbW.jpeg,BUTA FARM,,1401383441-20035,BUTA FARM,1401985441,80459,Tünzalə Əsədova,21.05.2023,19:20:50,,,,,17.00,,2.59,17.00,0.00,0.00,0.00,0.00,59,NBA FiscalBox,900121010497,45VVEK2aXxzbuV,0000061816,0.45,20.06.2023,08:45
3G9bAk8wGhGF.jpeg,ARAZ,,1001994141-20022,ARAZ,1001994141,,Agos Bagirov,25.02.2023,23:10:31,,,,,,,0.38,2.48,0.00,0.00,0.00,0.00,773,NBA FiscalBox,900119100844,3G9bAk8vrGhGF,0000007877,0.07,27.03.2023,05:59
45TNoaiPmUFz.jpeg,ARAZ,,1001994141-20022,ARAZ,1001994141,157228,Zohra Babayeva,28.04.2023,23:55:37,MOY MULTİ FRUKT NEKT,1000.0,175.0,175.0,6.54,,1.00,6.54,0.00,0.00,0.00,0.00,738,NBA FiscalBox,900119100844,45TNoaiPmUFz.,0000007877,0.18,28.05.2023,08:33
45TNoaiPmUFz.jpeg,ARAZ,,1001994141-20022,ARAZ,1001994141,157228,Zohra Babayeva,28.04.2023,23:55:37,SIRAB QAZSIZ SU PET,1.0,0.8,0.8,6.54,,1.00,6.54,0.00,0.00,0.00,0.00,738,NBA FiscalBox,900119100844,45TNoaiPmUFz.,0000007877,0.18,28.05.2023,08:33
45TNoaiPmUFz.jpeg,ARAZ,,1001994141-20022,ARAZ,1001994141,157228,Zohra Babayeva,28.04.2023,23:55:37,", BAKILI QIZ DON.QEHVE",2.0,0.65,1.3,6.54,,1.00,6.54,0.00,0.00,0.00,0.00,738,NBA FiscalBox,900119100844,45TNoaiPmUFz.,0000007877,0.18,28.05.2023,08:33
45TNoaiPmUFz.jpeg,ARAZ,,1001994141-20022,ARAZ,1001994141,157228,Zohra Babayeva,28.04.2023,23:55:37,ROMASHKA XAMA 2596 20,1.0,2.69,2.69,6.54,,1.00,6.54,0.00,0.00,0.00,0.00,738,NBA FiscalBox,900119100844,45TNoaiPmUFz.,0000007877,0.18,28.05.2023,08:33
EKVXckqdRoq1.jpeg,ARAZ,,1001994141-20022,ARAZ,1001994141,,Agos Bagirov,16.03.2023,22:52:38,İVANOVKA DOVGA 4506R,2000.0,158.0,3.1,6.08,,0.93,6.08,0.00,0.00,0.00,0.00,663,NBA FiscalBox,900119100844,EKVXckqdRoq1,0000007877,0.16,15.04.2023,06:56
EKVXckqdRoq1.jpeg,ARAZ,,1001994141-20022,ARAZ,1001994141,,Agos Bagirov,16.03.2023,22:52:38,LEZZET DUNYASI VİNEQ,1000.0,2.95,2.95,6.08,,0.93,6.08,0.00,0.00,0.00,0.00,663,NBA FiscalBox,900119100844,EKVXckqdRoq1,0000007877,0.16,15.04.2023,06:56
EKVXckqdRoq1.jpeg,ARAZ,,1001994141-20022,ARAZ,1001994141,,Agos Bagirov,16.03.2023,22:52:38,Paket Araz 27750 3 К,1000.0,0.03,0.03,6.08,,0.93,6.08,0.00,0.00,0.00,0.00,663,NBA FiscalBox,900119100844,EKVXckqdRoq1,0000007877,0.16,15.04.2023,06:56
E1acd9nBjXzX.jpeg,PROMART Məhdud,,,PROMART Məhdud,1702278621,,Quliyeva Gulnar,08.05.2023,13:55:01,,,,,9.32,,,9.32,0.00,0.00,0.00,0.00,492,İBM POS 700,41AVVK12,Elacd9nBiXzX,0000030116,0.19,07.06.2023,05:40
5ZC8mMDu2jce.jpeg,ARAZ,,1001994141-20022,ARAZ,1001994141,,Agos Bagirov,30.03.2023,18:56:07,ROLLTON KARTOF PURES,1000.0,1380.0,180.0,19.46,,2.85,19.46,0.00,0.00,0.00,0.00,506,NBA FiscalBox,900119100844,52CBmMDu2/ce,0000007877,0.50,29.04.2023,07:03
5ZC8mMDu2jce.jpeg,ARAZ,,1001994141-20022,ARAZ,1001994141,,Agos Bagirov,30.03.2023,18:56:07,BİG BON KARTOF PURE,1000.0,185.0,1.85,19.46,,2.85,19.46,0.00,0.00,0.00,0.00,506,NBA FiscalBox,900119100844,52CBmMDu2/ce,0000007877,0.50,29.04.2023,07:03
5ZC8mMDu2jce.jpeg,ARAZ,,1001994141-20022,ARAZ,1001994141,,Agos Bagirov,30.03.2023,18:56:07,ETİ BURCAK KAKAO KRE,2.0,1.1,2.2,19.46,,2.85,19.46,0.00,0.00,0.00,0.00,506,NBA FiscalBox,900119100844,52CBmMDu2/ce,0000007877,0.50,29.04.2023,07:03
5ZC8mMDu2jce.jpeg,ARAZ,,1001994141-20022,ARAZ,1001994141,,Agos Bagirov,30.03.2023,18:56:07,LEZİZ CEREZ BADAM 27,0.252,22.57,5.69,19.46,,2.85,19.46,0.00,0.00,0.00,0.00,506,NBA FiscalBox,900119100844,52CBmMDu2/ce,0000007877,0.50,29.04.2023,07:03
5ZC8mMDu2jce.jpeg,ARAZ,,1001994141-20022,ARAZ,1001994141,,Agos Bagirov,30.03.2023,18:56:07,SIRAB QAZSIZ SU PET,2000.0,0.89,1.18,19.46,,2.85,19.46,0.00,0.00,0.00,0.00,506,NBA FiscalBox,900119100844,52CBmMDu2/ce,0000007877,0.50,29.04.2023,07:03
5ZC8mMDu2jce.jpeg,ARAZ,,1001994141-20022,ARAZ,1001994141,,Agos Bagirov,30.03.2023,18:56:07,", LEZZET DUNYASI VİNEQ",2000.0,2.95,5.9,19.46,,2.85,19.46,0.00,0.00,0.00,0.00,506,NBA FiscalBox,900119100844,52CBmMDu2/ce,0000007877,0.50,29.04.2023,07:03
5ZC8mMDu2jce.jpeg,ARAZ,,1001994141-20022,ARAZ,1001994141,,Agos Bagirov,30.03.2023,18:56:07,TENDİR COREYI EDED,1000.0,0.79,0.79,19.46,,2.85,19.46,0.00,0.00,0.00,0.00,506,NBA FiscalBox,900119100844,52CBmMDu2/ce,0000007877,0.50,29.04.2023,07:03
5ZC8mMDu2jce.jpeg,ARAZ,,1001994141-20022,ARAZ,1001994141,,Agos Bagirov,30.03.2023,18:56:07,ƏDV-dən azad Paket Araz 31*60 5 K,1.0,0.05,0.05,19.46,,2.85,19.46,0.00,0.00,0.00,0.00,506,NBA FiscalBox,900119100844,52CBmMDu2/ce,0000007877,0.50,29.04.2023,07:03
AVqBCJrTCM68.jpeg,ARAZ,,1001994141-20022,ARAZ,1001994141,,,,,"TENDİR COREYİ EDED 8,",1000.0,1.0,1.0,28.75,,,28.75,0.00,0.00,0.00,0.00,732,NBA FiscalBox,900119100844,AVqBC)rTCM68,0000007877,0.43,21.06.2023,08:17
AVqBCJrTCM68.jpeg,ARAZ,,1001994141-20022,ARAZ,1001994141,,,,,ƏDV-dən azad SHAFTALI NEKTARIN PR.,1694.0,7.14,1211.0,28.75,,,28.75,0.00,0.00,0.00,0.00,732,NBA FiscalBox,900119100844,AVqBC)rTCM68,0000007877,0.43,21.06.2023,08:17
AVqBCJrTCM68.jpeg,ARAZ,,1001994141-20022,ARAZ,1001994141,,,,,“Ticarət əlavəsi: 1896 AKTİVİA YOGURT 130 G,1000.0,119.0,149.0,28.75,,,28.75,0.00,0.00,0.00,0.00,732,NBA FiscalBox,900119100844,AVqBC)rTCM68,0000007877,0.43,21.06.2023,08:17
AVqBCJrTCM68.jpeg,ARAZ,,1001994141-20022,ARAZ,1001994141,,,,,İVANOVKA DOVGA 4506R,1000.0,155.0,1.55,28.75,,,28.75,0.00,0.00,0.00,0.00,732,NBA FiscalBox,900119100844,AVqBC)rTCM68,0000007877,0.43,21.06.2023,08:17
AVqBCJrTCM68.jpeg,ARAZ,,1001994141-20022,ARAZ,1001994141,,,,,DARDANEL FASULYELI T,2.0,5.69,11.38,28.75,,,28.75,0.00,0.00,0.00,0.00,732,NBA FiscalBox,900119100844,AVqBC)rTCM68,0000007877,0.43,21.06.2023,08:17
AVqBCJrTCM68.jpeg,ARAZ,,1001994141-20022,ARAZ,1001994141,,,,,SLAVYANKA PLASMAS 11.,1000.0,0.78,0.78,28.75,,,28.75,0.00,0.00,0.00,0.00,732,NBA FiscalBox,900119100844,AVqBC)rTCM68,0000007877,0.43,21.06.2023,08:17
AVqBCJrTCM68.jpeg,ARAZ,,1001994141-20022,ARAZ,1001994141,,,,,BAKILI QIZ DON.QEHVE,1.0,0.69,0.69,28.75,,,28.75,0.00,0.00,0.00,0.00,732,NBA FiscalBox,900119100844,AVqBC)rTCM68,0000007877,0.43,21.06.2023,08:17
AVqBCJrTCM68.jpeg,ARAZ,,1001994141-20022,ARAZ,1001994141,,,,,Paket Araz 31*60 5KG,1.0,0.05,0.05,28.75,,,28.75,0.00,0.00,0.00,0.00,732,NBA FiscalBox,900119100844,AVqBC)rTCM68,0000007877,0.43,21.06.2023,08:17
9Ty6wom4AnJk.jpeg,ANC GROUP,,1701102351-14010,ANC GROUP,1701102351,,,,,SU SİRAB QAZSIZ ИТИ.,1.0,0.85,0.85,0.85,,0.13,0.85,0.00,0.00,0.00,0.00,227,IPOS AZ1001,ESOF000127,9Ty6inom4Anik,0000071135,0.02,08.08.2023,11:44
A67s97FGXjVE.jpeg,PROMART Məhdud,,,PROMART Məhdud,1702278621,,Piriyeva Roza,23.05.2023,08:39:01,SU SLAVYANKA TL QAZSIZ P,100.0,0.78,0.78,4.10,,0.63,4.10,0.00,0.00,0.00,0.00,236,İBM POS 700,41AVVK12,A67s97FGXİVE,0000030116,0.11,22.06.2023,11:21
A67s97FGXjVE.jpeg,PROMART Məhdud,,,PROMART Məhdud,1702278621,,Piriyeva Roza,23.05.2023,08:39:01,BATON TV/IX 500R,100.0,0.79,0.79,4.10,,0.63,4.10,0.00,0.00,0.00,0.00,236,İBM POS 700,41AVVK12,A67s97FGXİVE,0000030116,0.11,22.06.2023,11:21
A67s97FGXjVE.jpeg,PROMART Məhdud,,,PROMART Məhdud,1702278621,,Piriyeva Roza,23.05.2023,08:39:01,0 DONDURMA PLOMBİR VAFLİ,1.0,0.9,0.9,4.10,,0.63,4.10,0.00,0.00,0.00,0.00,236,İBM POS 700,41AVVK12,A67s97FGXİVE,0000030116,0.11,22.06.2023,11:21
A67s97FGXjVE.jpeg,PROMART Məhdud,,,PROMART Məhdud,1702278621,,Piriyeva Roza,23.05.2023,08:39:01,А2САКЕ XACAPURI PENDİR.,100.0,160.0,1.6,4.10,,0.63,4.10,0.00,0.00,0.00,0.00,236,İBM POS 700,41AVVK12,A67s97FGXİVE,0000030116,0.11,22.06.2023,11:21
A67s97FGXjVE.jpeg,PROMART Məhdud,,,PROMART Məhdud,1702278621,,Piriyeva Roza,23.05.2023,08:39:01,MAGAZA PAKETİ KİCİK,100.0,0.03,0.03,4.10,,0.63,4.10,0.00,0.00,0.00,0.00,236,İBM POS 700,41AVVK12,A67s97FGXİVE,0000030116,0.11,22.06.2023,11:21
A2wsXTuTko2X.jpeg,ARAZ,,1001994141-20022,ARAZ,1001994141,,Zohra Babayeva,26.12.2023,20:52:12,,,,,,,0.37,0.00,0.00,0.00,0.00,0.00,327,NBA FiscalBox,900120010265,A2visXTüTko2X,0000015497,0.06,26.01.2024,01:29
DWLxDtjuUnRf.jpeg,GRAND-MART,,1401395111-20002,GRAND-MART,1401395111,,Karimli Fatima,19.12.2023,22:04:01,,,,,,,1.28,8.37,0.00,0.00,0.00,0.00,405,NCR RealPOS XR7 (7703) KLR M-POS 1.05.90,0000039327,DV/LxDİİuUnRf,0000096602,0.22,19.01.2024,20:59
GrgtubtyhgSF.jpeg,ARAZ,,1001994141-20022,ARAZ,1001994141,,Zohra Babayeva,05.05.2023,22:06:42,,,,,,,,0.00,0.00,0.00,0.00,0.00,609,NBA FiscalBox,900119100844,GrgtubtyhgsF,0000007877,0.06,04.06.2023,08:37
455mNmFhAuEw.jpeg,AZƏRBAYCAN,,1403051411-20006,AZƏRBAYCAN,1403051411,,RAHMANZADA C.,12.05.2023,23:48:25,,,,,,,1.23,8.08,0.00,0.00,0.00,0.00,698,Мипсог Nixdorf BEETLE/M-II,530523153,455mNmFhAuEv:,0000023188,0.22,11.06.2023,07:54
4Mq4vTyd3eaF.jpeg,ARAZ,А21129 BAKI ŞƏHƏRİ,1001994141-20022,ARAZ,1001994141,,Zohra Babayeva,21.05.2023,19:18:22,,,,,,,3.20,0.00,0.00,0.00,0.00,0.00,530,NBA FiscalBox,900119100844,4MqdvTyd3eaF,0000007877,0.56,20.06.2023,08:54
C8Jh3QP4JHF1.jpeg,ARAZ,,1001994141-20022,ARAZ,1001994141,,Zohra Babayeva,,,BAKILI QIZ DON.QEHVE,2000.0,0.69,1.38,12.41,,1.77,0.00,0.00,0.00,0.00,0.00,715,NBA FiscalBox,900119100843,C8)h3QP4)HF1,0000007875,0.31,18.06.2023,07:37
C8Jh3QP4JHF1.jpeg,ARAZ,,1001994141-20022,ARAZ,1001994141,,Zohra Babayeva,,,İVANOVKA DOVGA 4506R,1000.0,155.0,155.0,12.41,,1.77,0.00,0.00,0.00,0.00,0.00,715,NBA FiscalBox,900119100843,C8)h3QP4)HF1,0000007875,0.31,18.06.2023,07:37
C8Jh3QP4JHF1.jpeg,ARAZ,,1001994141-20022,ARAZ,1001994141,,Zohra Babayeva,,,LEZZET DUNYASI VİNEQ,1.0,2.95,2.95,12.41,,1.77,0.00,0.00,0.00,0.00,0.00,715,NBA FiscalBox,900119100843,C8)h3QP4)HF1,0000007875,0.31,18.06.2023,07:37
C8Jh3QP4JHF1.jpeg,ARAZ,,1001994141-20022,ARAZ,1001994141,,Zohra Babayeva,,,DARDANEL FASULYELİ T,1.0,5.69,5.69,12.41,,1.77,0.00,0.00,0.00,0.00,0.00,715,NBA FiscalBox,900119100843,C8)h3QP4)HF1,0000007875,0.31,18.06.2023,07:37
C8Jh3QP4JHF1.jpeg,ARAZ,,1001994141-20022,ARAZ,1001994141,,Zohra Babayeva,,,TENDİR COREYİ EDED,1000.0,0.79,0.79,12.41,,1.77,0.00,0.00,0.00,0.00,0.00,715,NBA FiscalBox,900119100843,C8)h3QP4)HF1,0000007875,0.31,18.06.2023,07:37
C8Jh3QP4JHF1.jpeg,ARAZ,,1001994141-20022,ARAZ,1001994141,,Zohra Babayeva,,,Paket Araz 31*60 5KG,1.0,0.05,0.05,12.41,,1.77,0.00,0.00,0.00,0.00,0.00,715,NBA FiscalBox,900119100843,C8)h3QP4)HF1,0000007875,0.31,18.06.2023,07:37
A6ytTrxiqnbo.jpeg,ARAZ,,1001994141-20022,ARAZ,1001994141,,Zohra Babayeva,27.03.2023,23:47:15,BANAN KG,1274.0,328.0,419.0,10.41,,0.47,0.00,0.00,0.00,0.00,0.00,785,NBA FiscalBox,900119100844,AöytTrxiqnbo,0000007877,0.08,26.04.2023,06:14
A6ytTrxiqnbo.jpeg,ARAZ,,1001994141-20022,ARAZ,1001994141,,Zohra Babayeva,27.03.2023,23:47:15,“Ticarət əlavəsi: 1896 BANAN KG,1074.0,3.28,353.0,10.41,,0.47,0.00,0.00,0.00,0.00,0.00,785,NBA FiscalBox,900119100844,AöytTrxiqnbo,0000007877,0.08,26.04.2023,06:14
A6ytTrxiqnbo.jpeg,ARAZ,,1001994141-20022,ARAZ,1001994141,,Zohra Babayeva,27.03.2023,23:47:15,“Ticarət əlavəsi: 1896 NAKHL SHAHEEN BAM XU,1.0,2.69,2.69,10.41,,0.47,0.00,0.00,0.00,0.00,0.00,785,NBA FiscalBox,900119100844,AöytTrxiqnbo,0000007877,0.08,26.04.2023,06:14
5BLvosgL3Mv2.jpeg,ANC GROUP,,1701102351-14010,ANC GROUP,1701102351,,,,,SU SİRAB QAZSIZ ИТИ.,1.0,0.85,0.85,1.85,,,0.00,0.00,0.00,0.00,0.00,196,IPOS AZ1001,ESOF000127,5BLvosgL3MV2,0000071135,0.05,04.07.2023,10:09
5BLvosgL3Mv2.jpeg,ANC GROUP,,1701102351-14010,ANC GROUP,1701102351,,,,,SAQQIZ ОКВИ EVKALİPT 36 (ədəd),1.0,1.0,1.0,1.85,,,0.00,0.00,0.00,0.00,0.00,196,IPOS AZ1001,ESOF000127,5BLvosgL3MV2,0000071135,0.05,04.07.2023,10:09
BUkjVt7TJSHk.jpeg,ARAZ,,1001994141-20022,ARAZ,1001994141,,Zohra Babayeva,09.05.2023,16:51:12,,,,,,,0.38,0.00,0.00,0.00,0.00,0.00,408,NBA FiscalBox,900119100844,,0000007877,0.07,08.06.2023,06:55
7mNWf2J6ZFiq.jpeg,ANC GROUP,,1701102351-14010,ANC GROUP,1701102351,,,,,,,,,24.00,,3.66,24.00,0.00,0.00,0.00,0.00,183,IPOS AZ1001,ESOF000127,7mNVif2/62Fiq,0000071135,0.64,26.06.2023,08:35
jABELpPHDhZT.jpeg,AZƏRBAYCAN,,1403051411-20006,AZƏRBAYCAN,1403051411,,HÜSEYNOV.,25.12.2023,17:05:44,ROM XAMA 2596 200 QR. (ədədi,1.0,219.0,219.0,25.81,,,25.81,0.00,0.00,0.00,0.00,386,Мипсог Nixdorf ВЕЕТИЕ/М-И1,530523183,fABELpPHDhZT,0000023179,0.40,25.01.2024,05:17
jABELpPHDhZT.jpeg,AZƏRBAYCAN,,1403051411-20006,AZƏRBAYCAN,1403051411,,HÜSEYNOV.,25.12.2023,17:05:44,ÜZÜN OMİİV SHO 23008 (ədəd),1.0,199.0,199.0,25.81,,,25.81,0.00,0.00,0.00,0.00,386,Мипсог Nixdorf ВЕЕТИЕ/М-И1,530523183,fABELpPHDhZT,0000023179,0.40,25.01.2024,05:17
jABELpPHDhZT.jpeg,AZƏRBAYCAN,,1403051411-20006,AZƏRBAYCAN,1403051411,,HÜSEYNOV.,25.12.2023,17:05:44,NAR MİNA SUPER KG (kg),2.202,4.49,9.89,25.81,,,25.81,0.00,0.00,0.00,0.00,386,Мипсог Nixdorf ВЕЕТИЕ/М-И1,530523183,fABELpPHDhZT,0000023179,0.40,25.01.2024,05:17
jABELpPHDhZT.jpeg,AZƏRBAYCAN,,1403051411-20006,AZƏRBAYCAN,1403051411,,HÜSEYNOV.,25.12.2023,17:05:44,ƏDV-dən azad VITA1000 Q QARAGILT. (ədəd),1.0,195.0,1.95,25.81,,,25.81,0.00,0.00,0.00,0.00,386,Мипсог Nixdorf ВЕЕТИЕ/М-И1,530523183,fABELpPHDhZT,0000023179,0.40,25.01.2024,05:17
jABELpPHDhZT.jpeg,AZƏRBAYCAN,,1403051411-20006,AZƏRBAYCAN,1403051411,,HÜSEYNOV.,25.12.2023,17:05:44,MUSTERİ PAKETİ 31:55 (ədəd),1.0,0.05,105.0,25.81,,,25.81,0.00,0.00,0.00,0.00,386,Мипсог Nixdorf ВЕЕТИЕ/М-И1,530523183,fABELpPHDhZT,0000023179,0.40,25.01.2024,05:17
jABELpPHDhZT.jpeg,AZƏRBAYCAN,,1403051411-20006,AZƏRBAYCAN,1403051411,,HÜSEYNOV.,25.12.2023,17:05:44,"SNICKERS МИМ5 KQ, (kg)",0.354,23.99,8.49,25.81,,,25.81,0.00,0.00,0.00,0.00,386,Мипсог Nixdorf ВЕЕТИЕ/М-И1,530523183,fABELpPHDhZT,0000023179,0.40,25.01.2024,05:17
jABELpPHDhZT.jpeg,AZƏRBAYCAN,,1403051411-20006,AZƏRBAYCAN,1403051411,,HÜSEYNOV.,25.12.2023,17:05:44,"FACE TENDİR ORTA, (ədədi",1.0,58.0,175.0,25.81,,,25.81,0.00,0.00,0.00,0.00,386,Мипсог Nixdorf ВЕЕТИЕ/М-И1,530523183,fABELpPHDhZT,0000023179,0.40,25.01.2024,05:17
Es6HZUh8kGx5.jpeg,ARAZ,,1001994141-20022,ARAZ,1001994141,,Zohra Babayeva,09.03.2023,21:49:47,SIRAB QAZSIZ SU PET,2000.0,0.85,170.0,6.46,,0.86,6.46,0.00,0.00,0.00,0.00,629,NBA FiscalBox,900119100844,Es6HZUh8kGx5,0000007877,0.15,08.04.2023,05:58
Es6HZUh8kGx5.jpeg,ARAZ,,1001994141-20022,ARAZ,1001994141,,Zohra Babayeva,09.03.2023,21:49:47,ММАМОУКА DOVGA 2006R,2.0,0.66,1.32,6.46,,0.86,6.46,0.00,0.00,0.00,0.00,629,NBA FiscalBox,900119100844,Es6HZUh8kGx5,0000007877,0.15,08.04.2023,05:58
Es6HZUh8kGx5.jpeg,ARAZ,,1001994141-20022,ARAZ,1001994141,,Zohra Babayeva,09.03.2023,21:49:47,ROMASHKA XAMA 2596 20,1.0,2.6,2.6,6.46,,0.86,6.46,0.00,0.00,0.00,0.00,629,NBA FiscalBox,900119100844,Es6HZUh8kGx5,0000007877,0.15,08.04.2023,05:58
Es6HZUh8kGx5.jpeg,ARAZ,,1001994141-20022,ARAZ,1001994141,,Zohra Babayeva,09.03.2023,21:49:47,TENDİR COREYİ EDED,1.0,0.79,0.79,6.46,,0.86,6.46,0.00,0.00,0.00,0.00,629,NBA FiscalBox,900119100844,Es6HZUh8kGx5,0000007877,0.15,08.04.2023,05:58
Es6HZUh8kGx5.jpeg,ARAZ,,1001994141-20022,ARAZ,1001994141,,Zohra Babayeva,09.03.2023,21:49:47,ƏDV-dən azad Paket Araz 31*60 5 K,1.0,0.05,0.05,6.46,,0.86,6.46,0.00,0.00,0.00,0.00,629,NBA FiscalBox,900119100844,Es6HZUh8kGx5,0000007877,0.15,08.04.2023,05:58
7X97ACHeUV6P.jpeg,DOKTA MƏHDUD,,1401425191-14017,DOKTA MƏHDUD,1401425191,,,26.04.2023,13:46:33,,,,,5.86,,,5.86,0.00,0.00,0.00,0.00,60,NBA FiscalBox,900121010741,7X97ACHeUVSP,0000090258,0.16,28.05.2023,01:39
BeKhPrwsZtzb.jpeg,SSİ RETAİL,,1000143741-16002,SSİ RETAİL,1000143741,,Api,18.12.2023,18:30:52,TC-uni-black-L1,1.0,2499.0,24.99,24.99,,,24.99,0.00,0.00,0.00,0.00,123,TPS575 Smart POS,2001G57500302395,BekhPrusZtzb.,0000091819,0.67,19.01.2024,09:44
Bmh6Xs9R4JPE.jpeg,ARAZ,,1001994141-20022,ARAZ,1001994141,,Agos Bagirov,18.05.2023,22:17:39,,,,,,,,0.00,0.00,0.00,0.00,0.00,571,NBA FiscalBox,900119100844,Bmh6Xs9R4)PE,0000007877,0.19,17.06.2023,12:19
CwwRhBbWg5Sf.jpeg,ARAZ,,1001994141-20022,ARAZ,1001994141,,Agos Bagirov,24.04.2023,22:31:40,SIRAB QAZSIZ SU PET,2000.0,0.8,1.6,2.39,,0.24,2.39,0.00,0.00,0.00,0.00,654,NBA FiscalBox,900119100843,СилиАҺВБИЈӘ551,0000007875,0.04,24.05.2023,06:03
CwwRhBbWg5Sf.jpeg,ARAZ,,1001994141-20022,ARAZ,1001994141,,Agos Bagirov,24.04.2023,22:31:40,TENDİR COREYI EDED,1000.0,0.79,0.79,2.39,,0.24,2.39,0.00,0.00,0.00,0.00,654,NBA FiscalBox,900119100843,СилиАҺВБИЈӘ551,0000007875,0.04,24.05.2023,06:03
9La1t95fVigf.jpeg,ANC GROUP,,1701102351-14010,ANC GROUP,1701102351,,,,,SU SİRAB QAZSIZ ИТИ.,1.0,0.85,0.85,1.85,,,0.00,0.00,0.00,0.00,0.00,322,IPOS AZ1001,ESOF000127,9La1t95fVigf,0000071135,0.05,10.07.2023,08:39
9La1t95fVigf.jpeg,ANC GROUP,,1701102351-14010,ANC GROUP,1701102351,,,,,SAQQIZ ОАВГ VVHİTE SPEAR (ədəd),1.0,1.0,1.0,1.85,,,0.00,0.00,0.00,0.00,0.00,322,IPOS AZ1001,ESOF000127,9La1t95fVigf,0000071135,0.05,10.07.2023,08:39
9iEG1QZyEFAi.jpeg,ARAZ,,1001994141-20019,ARAZ,1001994141,,Eliyar Memmedov,10.06.2023,10:14:55,SIRAB QAZSIZ SU PET,4000.0,0.5,2.0,3.00,,,0.00,0.00,0.00,0.00,0.00,187,NBA FiscalBox,900120010612,9iEG1QZyEFAi,0000022720,0.08,10.07.2023,12:00
9iEG1QZyEFAi.jpeg,ARAZ,,1001994141-20019,ARAZ,1001994141,,Eliyar Memmedov,10.06.2023,10:14:55,ORBİT SAQQIZ SPEARMI,1000.0,1.0,1.0,3.00,,,0.00,0.00,0.00,0.00,0.00,187,NBA FiscalBox,900120010612,9iEG1QZyEFAi,0000022720,0.08,10.07.2023,12:00
7NDVdr31esAC.jpeg,AL MARKET,AZ1129 BAKI ŞƏHƏRİ,,AL MARKET,1005498281,,,,,BETA CAY EARL GREY 50 О 2,1.0,2.25,225.0,3.22,,0.49,0.00,0.00,0.00,0.00,0.00,166,NBA FiscalBox,900119090124,7NDVdr316sAC,0000002533,0.09,01.02.2024,01:28
7NDVdr31esAC.jpeg,AL MARKET,AZ1129 BAKI ŞƏHƏRİ,,AL MARKET,1005498281,,,,,MUSTERİ TORBASI KİCİK (ədəd),1.0,0.03,0.03,3.22,,0.49,0.00,0.00,0.00,0.00,0.00,166,NBA FiscalBox,900119090124,7NDVdr316sAC,0000002533,0.09,01.02.2024,01:28
7NDVdr31esAC.jpeg,AL MARKET,AZ1129 BAKI ŞƏHƏRİ,,AL MARKET,1005498281,,,,,SUN SALFET 2225CM 135::1 (ədəd),1.0,0.94,0.94,3.22,,0.49,0.00,0.00,0.00,0.00,0.00,166,NBA FiscalBox,900119090124,7NDVdr316sAC,0000002533,0.09,01.02.2024,01:28
GiSWri6ozctN.jpeg,PROMART Məhdud,,,PROMART Məhdud,1702278621,,Quliyeva Gulnar,15.05.2023,14:07:37,,,,,5.67,,,5.67,0.00,0.00,0.00,0.00,507,İBM POS 700,41AVVK12,GiSyiri6ozctN,0000030116,0.02,14.06.2023,05:03
CZJsxBLAhv6e.jpeg,ARAZ,,1001994141-20022,ARAZ,1001994141,,Vaxt:,,,İVANOVKA DOVGA 4506R,2.0,155.0,310.0,7.52,,1.15,7.52,0.00,0.00,0.00,0.00,,NBA FiscalBox,900119100843,CZ)sxBLAhv6e,0000007875,,,
CZJsxBLAhv6e.jpeg,ARAZ,,1001994141-20022,ARAZ,1001994141,,Vaxt:,,,EHRMANN SMETANOVNA X,1.0,2.5,2.5,7.52,,1.15,7.52,0.00,0.00,0.00,0.00,,NBA FiscalBox,900119100843,CZ)sxBLAhv6e,0000007875,,,
CZJsxBLAhv6e.jpeg,ARAZ,,1001994141-20022,ARAZ,1001994141,,Vaxt:,,,GREEN RAY YASHIL МОХ,1.0,1.89,1.89,7.52,,1.15,7.52,0.00,0.00,0.00,0.00,,NBA FiscalBox,900119100843,CZ)sxBLAhv6e,0000007875,,,
CZJsxBLAhv6e.jpeg,ARAZ,,1001994141-20022,ARAZ,1001994141,,Vaxt:,,,Paket Araz 27*50 3 K,1.0,0.03,0.03,7.52,,1.15,7.52,0.00,0.00,0.00,0.00,,NBA FiscalBox,900119100843,CZ)sxBLAhv6e,0000007875,,,
AEvGU2mWuNEe.jpeg,ARAZ,,1001994141-20022,ARAZ,1001994141,3563,Agos Bagirov,03.06.2023,22:48:06,,,,,,,1.13,0.00,0.00,0.00,0.00,0.00,445,NBA FiscalBox,900120010265,AEVGU2mVVuNEe,0000015497,0.20,03.07.2023,07:31
4fjBcM3jed4D.jpeg,ARAZ,,1001994141-20022,ARAZ,1001994141,330264,Zohra Babayeva,18.12.2023,21:20:31,,,,,,,1.30,8.54,0.00,0.00,0.00,0.00,248,NBA FiscalBox,900119100844,4fiBcM3)ed4D,0000007877,0.23,19.01.2024,09:43
HNZdbYNj18hu.jpeg,ARAZ,,1001994141-20022,ARAZ,1001994141,2582,Zohra Babayeva,02.06.2023,22:07:57,İVANOVKA DOVGA 4506R,2000.0,158.0,3.1,7.58,,1.04,7.58,0.00,0.00,0.00,0.00,608,NBA FiscalBox,900120010265,HNZdbYNi18hu,0000015497,0.18,02.07.2023,07:48
HNZdbYNj18hu.jpeg,ARAZ,,1001994141-20022,ARAZ,1001994141,2582,Zohra Babayeva,02.06.2023,22:07:57,LEZZET DUNYASI VİNEQ,1000.0,2.95,2.95,7.58,,1.04,7.58,0.00,0.00,0.00,0.00,608,NBA FiscalBox,900120010265,HNZdbYNi18hu,0000015497,0.18,02.07.2023,07:48
HNZdbYNj18hu.jpeg,ARAZ,,1001994141-20022,ARAZ,1001994141,2582,Zohra Babayeva,02.06.2023,22:07:57,BAKILI QIZ DON.QEHVE,1.0,0.69,0.69,7.58,,1.04,7.58,0.00,0.00,0.00,0.00,608,NBA FiscalBox,900120010265,HNZdbYNi18hu,0000015497,0.18,02.07.2023,07:48
HNZdbYNj18hu.jpeg,ARAZ,,1001994141-20022,ARAZ,1001994141,2582,Zohra Babayeva,02.06.2023,22:07:57,TENDİR COREYİ EDED,1000.0,0.79,0.79,7.58,,1.04,7.58,0.00,0.00,0.00,0.00,608,NBA FiscalBox,900120010265,HNZdbYNi18hu,0000015497,0.18,02.07.2023,07:48
HNZdbYNj18hu.jpeg,ARAZ,,1001994141-20022,ARAZ,1001994141,2582,Zohra Babayeva,02.06.2023,22:07:57,ƏDV-dən azad Paket Araz 31*60 5KG,1.0,0.05,0.05,7.58,,1.04,7.58,0.00,0.00,0.00,0.00,608,NBA FiscalBox,900120010265,HNZdbYNi18hu,0000015497,0.18,02.07.2023,07:48
